{
    "service" : 
    {
        "device_id" : 1,
        "rois" : {
              "type" : "queue",
              "entries" : [
                    {
                    "id" : 0,
                    "region" : [
                            [
                            { "x" : 300, "y" : 100 },
                            { "x" : 700, "y" : 100 },
                            { "x" : 900, "y" : 400 },
                            { "x" : 900, "y" : 700 },
                            { "x" : 600, "y" : 900 },
                            { "x" : 300, "y" : 800 },
                            { "x" : 100, "y" : 500 },
                            { "x" : 100, "y" : 300 }
                            ]
                        ]
                    },
                    {
                    "id" : 1,
                    "region" : [
                            [
                            { "x" : 1300, "y" : 500 },
                            { "x" : 1600, "y" : 500 },
                            { "x" : 1800, "y" : 1000 },
                            { "x" : 1000, "y" : 1000 }
                            ]
                        ]
                    }
                ]
          },

        "filter" : {
           "oids" : [0,1,2],
           "size_min" : {
                "enabled" : true,
                "width" : 70,
                "height" : 40
                },
            "size_max" : {
                "enabled" : true,
                "width" : 320,
                "height" : 240
                },
            "intersection" : {
                    "enabled" : true,
                    "inner_object_id" : 0,
                    "outer_object_id" : 0
                }
        },
        "source" : {
            "frame_sync" : true,
            "frame_skip" : 0,
            "uri" : "/srv/darknet/video/tta_vol1.avi"
            },
        "draw_bbox" : true,
        "account_path" : "kiot_account",
        "tracking_box" : {
            "ratio_w" : 50,
            "ratio_h" : 50
            },
        "database_path" : "kiot_counter.db"
    },

    "display" : {
        "enabled" : true,
        "size" : {
            "width" : 1280,
            "height" : 720
        }
    },

    "streaming" : {
        "http" : {
                "enabled" : true,
                "port" : 9998,
                "timeout" : 200000,
                "mjpeg_quality" : 100,
                "size" : {
                    "width" : 1280,
                    "height" : 720
                    }
                },
         "rtsp" : {
                "enabled" : true,
                "port" : 8554,
                "size" : {
                    "width" : 1280,
                    "height" : 720
                    }
                }
    },

    "tracker" : {
        "frame_story" : 10,
        "max_dist" : 40,
        "win_size" : 15,
        "max_level" : 3,
        "iterations" : 8000,
        "algorithm" : "kalman"
    },

    "detector" : {
        "nms" : 0.2,
        "threshold" : 0.15,
        "enabled" : true,
        "batch_size" : 1,
        "letterbox" : false,
        "use_mean" : true,
        "delay" : 0,
        "gpu_id" : 0,
        "sync" : false,
        "config" : "cfg/yolov4.cfg",
        "weights" : "../../weights/yolov4.weights",
        "object_names" : "data/coco.names",
        "use_opencv" : true
    },

    "videowriter" : {
        "captured" : {
            "enabled" : false,
            "path" : "result_captured.avi"
        },
        "detected" : {
            "enabled" : false,
            "path" : "result_detected.avi"
        }
    },

    "counter" : {
        "history" : 50,
        "lifetime" : 300
    },

    "report" : {
        "statistics" : {
            "enabled" : false,
            "duration" : 10000,
            "uri" : [
                "http:://192.168.0.113:8080/data_upload",
                "http://bike.kiotcom.co.kr:80/input/bike.php",
                "http://192.168.0.113:8080/traffic.php"
                ]
        },
        "status" : {
            "enabled" : false,
            "duration" : 5000,
            "uri": [
                   "http://device.kiotcom.co.kr:80/device/device_state.php"
            ]
        }
    }
}

